{
  "Gabriel John Utterson": {
    "sentiment_per_chapter": {
      "['Chapter_1']": {
        "fear": 1.4004329004329004,
        "anger": 0.05555555555555555,
        "anticip": 0.0,
        "trust": 1.1897546897546898,
        "surprise": 0.9004329004329005,
        "positive": 1.2135642135642135,
        "negative": 0.5353535353535352,
        "sadness": 0.25757575757575757,
        "disgust": 0.16666666666666666,
        "joy": 0.7135642135642135,
        "anticipation": 0.5670995670995671
      },
      "['Chapter_2']": {
        "fear": 0.9436868686868687,
        "anger": 0.23535353535353534,
        "anticip": 0.0,
        "trust": 1.9845959595959597,
        "surprise": 0.24444444444444446,
        "positive": 4.429040404040404,
        "negative": 1.8492424242424241,
        "sadness": 0.5047979797979798,
        "disgust": 0.14444444444444443,
        "joy": 1.929040404040404,
        "anticipation": 2.735353535353535
      },
      "['Chapter_3']": {
        "fear": 1.5761904761904764,
        "anger": 0.15000000000000002,
        "anticip": 0.0,
        "trust": 1.2588581669226833,
        "surprise": 0.4901433691756273,
        "positive": 1.2660010240655402,
        "negative": 1.5267025089605735,
        "sadness": 1.1433691756272402,
        "disgust": 0.3333333333333333,
        "joy": 0.7652585765488991,
        "anticipation": 0.4901433691756273
      },
      "['Chapter_4']": {
        "fear": 0.5598086124401913,
        "anger": 0.28708133971291866,
        "anticip": 0.0,
        "trust": 0.9219497607655502,
        "surprise": 0.125,
        "positive": 2.902212918660287,
        "negative": 0.6650717703349283,
        "sadness": 0.5215311004784688,
        "disgust": 0.05263157894736842,
        "joy": 0.4461722488038278,
        "anticipation": 0.5185406698564593
      },
      "['Chapter_5']": {
        "fear": 0.16666666666666666,
        "anger": 0.0,
        "anticip": 0.0,
        "trust": 2.575,
        "surprise": 0.45,
        "positive": 3.141666666666667,
        "negative": 0.7416666666666666,
        "sadness": 0.5416666666666666,
        "disgust": 0.0,
        "joy": 0.9833333333333334,
        "anticipation": 0.4
      },
      "['Chapter_6']": {
        "fear": 1.2019844605522354,
        "anger": 0.8039001918797315,
        "anticip": 0.0,
        "trust": 2.3874984776519304,
        "surprise": 0.48640004496781986,
        "positive": 3.1767567896723907,
        "negative": 2.612129388088467,
        "sadness": 1.811696487655567,
        "disgust": 0.675007345595581,
        "joy": 0.9494032395566923,
        "anticipation": 0.8952235743795847
      },
      "['Chapter_7']": {
        "fear": 0.1111111111111111,
        "anger": 0.1111111111111111,
        "anticip": 0.0,
        "trust": 1.9777777777777776,
        "surprise": 0.2,
        "positive": 3.311111111111111,
        "negative": 0.2222222222222222,
        "sadness": 0.2222222222222222,
        "disgust": 0.1111111111111111,
        "joy": 1.2,
        "anticipation": 0.5333333333333333
      },
      "['Chapter_8']": {
        "fear": 2.6023310023310025,
        "anger": 1.3615190365190364,
        "anticip": 0.0,
        "trust": 3.06978576978577,
        "surprise": 1.3475579975579974,
        "positive": 9.5523865023865,
        "negative": 4.576903651903652,
        "sadness": 1.034071484071484,
        "disgust": 0.7254079254079255,
        "joy": 0.9479853479853478,
        "anticipation": 0.7820512820512819
      },
      "['Chapter_9']": {
        "fear": 0.0,
        "anger": 0.0,
        "anticip": 0.0,
        "trust": 0.5,
        "surprise": 0.0,
        "positive": 0.5,
        "negative": 0.0,
        "sadness": 0.0,
        "disgust": 0.0,
        "joy": 0.0
      }
    },
    "aggregated_scores_in_chapters": {
      "fear": 8.562212098411452,
      "anger": 3.0045207701318883,
      "anticip": 0.0,
      "trust": 15.865220602254361,
      "surprise": 4.24397875657879,
      "positive": 29.49273963016711,
      "negative": 12.729292167772467,
      "sadness": 6.036930874095387,
      "disgust": 2.20860240550643,
      "joy": 7.934757363832718,
      "anticipation": 6.921745331249388
    }
  },
  "Richard Enfield": {
    "sentiment_per_chapter": {
      "['Chapter_1']": {
        "fear": 1.1428571428571428,
        "anger": 0.3333333333333333,
        "anticip": 0.0,
        "trust": 0.8690476190476191,
        "surprise": 0.39285714285714285,
        "positive": 1.8095238095238095,
        "negative": 1.0833333333333333,
        "sadness": 0.41666666666666663,
        "disgust": 0.16666666666666666,
        "joy": 0.14285714285714285,
        "anticipation": 0.6428571428571428
      },
      "['Chapter_2']": {
        "fear": 0.2111111111111111,
        "anger": 0.2111111111111111,
        "anticip": 0.0,
        "trust": 0.15555555555555556,
        "surprise": 0.0,
        "positive": 0.4666666666666667,
        "negative": 0.3222222222222222,
        "sadness": 0.2111111111111111,
        "disgust": 0.3111111111111111,
        "joy": 0.05555555555555555,
        "anticipation": 0.05555555555555555
      },
      "['Chapter_7']": {
        "fear": 0.0,
        "anger": 0.0,
        "anticip": 0.0,
        "trust": 0.5,
        "surprise": 0.0,
        "positive": 0.8333333333333333,
        "negative": 0.5,
        "sadness": 0.5,
        "disgust": 0.0,
        "joy": 0.3333333333333333,
        "anticipation": 0.3333333333333333
      }
    },
    "aggregated_scores_in_chapters": {
      "fear": 1.3539682539682538,
      "anger": 0.5444444444444444,
      "anticip": 0.0,
      "trust": 1.5246031746031745,
      "surprise": 0.39285714285714285,
      "positive": 3.109523809523809,
      "negative": 1.9055555555555554,
      "sadness": 1.1277777777777778,
      "disgust": 0.47777777777777775,
      "joy": 0.5317460317460317,
      "anticipation": 1.0317460317460316
    }
  },
  "Dr. Henry Jekyll": {
    "sentiment_per_chapter": {
      "['Chapter_10']": {
        "fear": 2.4192704354469057,
        "anger": 2.0717564298446653,
        "anticip": 0.0,
        "trust": 1.6371275783040486,
        "surprise": 0.9002228163992869,
        "positive": 5.592974917239623,
        "negative": 5.561860198624904,
        "sadness": 2.7822033358798066,
        "disgust": 1.604599567099567,
        "joy": 1.1303571428571426,
        "anticipation": 2.2996275783040483
      },
      "['Chapter_2']": {
        "fear": 0.9,
        "anger": 0.6,
        "anticip": 0.0,
        "trust": 0.9666666666666667,
        "surprise": 0.0,
        "positive": 1.5333333333333332,
        "negative": 1.9166666666666665,
        "sadness": 1.2166666666666666,
        "disgust": 0.85,
        "joy": 0.7166666666666666,
        "anticipation": 1.3
      },
      "['Chapter_3']": {
        "fear": 0.47619047619047616,
        "anger": 0.0,
        "anticip": 0.0,
        "trust": 0.9285714285714286,
        "surprise": 0.0,
        "positive": 0.7857142857142857,
        "negative": 0.8333333333333333,
        "sadness": 0.8333333333333333,
        "disgust": 0.0,
        "joy": 0.14285714285714285
      },
      "['Chapter_4']": {
        "fear": 0.2727272727272727,
        "anger": 0.25757575757575757,
        "anticip": 0.0,
        "trust": 0.44507575757575757,
        "surprise": 0.125,
        "positive": 0.47916666666666663,
        "negative": 0.43939393939393934,
        "sadness": 0.2727272727272727,
        "disgust": 0.0,
        "joy": 0.41666666666666663,
        "anticipation": 0.29166666666666663
      },
      "['Chapter_5']": {
        "fear": 0.45424836601307184,
        "anger": 0.2777777777777778,
        "anticip": 0.0,
        "trust": 0.9426470588235294,
        "surprise": 0.058823529411764705,
        "positive": 1.6769607843137255,
        "negative": 0.801470588235294,
        "sadness": 0.5727124183006536,
        "disgust": 0.38888888888888884,
        "joy": 0.45,
        "anticipation": 1.3764705882352941
      },